date,country,event,importance,currency,unit,consensus,previous,actual,change,change_percent
2017-01-06 13:30:00,US,Non Farm Payrolls (Dec),High,USD,K,178.0,204.0,156.0,-48.0,-23.529
2017-01-06 13:30:00,US,Unemployment Rate (Dec),High,USD,%,4.7,4.6,4.7,0.1,2.174
2017-01-13 13:30:00,US,Retail Sales MoM (Dec),High,USD,%,0.4,0.2,0.6,0.4,200.0
2017-01-18 13:30:00,US,Core Inflation Rate YoY (Dec),High,USD,%,2.2,2.1,2.2,0.1,4.762
2017-01-18 13:30:00,US,Inflation Rate YoY (Dec),High,USD,%,2.1,1.7,2.1,0.4,23.529
2017-01-27 13:30:00,US,GDP Growth Rate QoQ Adv (Q4),High,USD,%,2.2,3.5,1.9,-1.6,-45.714
2017-01-27 13:30:00,US,Durable Goods Orders MoM (Dec),High,USD,%,2.6,-4.8,-0.4,4.4,91.667
2017-02-03 13:30:00,US,Unemployment Rate (Jan),High,USD,%,4.7,4.7,4.8,0.1,2.128
2017-02-03 13:30:00,US,Non Farm Payrolls (Jan),High,USD,K,175.0,157.0,227.0,70.0,44.586
2017-02-15 13:30:00,US,Retail Sales MoM (Jan),High,USD,%,0.1,1.0,0.4,-0.6,-60.0
2017-02-15 13:30:00,US,Core Inflation Rate YoY (Jan),High,USD,%,2.1,2.2,2.3,0.1,4.545
2017-02-15 13:30:00,US,Inflation Rate YoY (Jan),High,USD,%,2.4,2.1,2.5,0.4,19.048
2017-02-27 13:30:00,US,Durable Goods Orders MoM (Jan),High,USD,%,1.7,-0.8,1.8,2.6,325.0
2017-02-28 13:30:00,US,GDP Growth Rate QoQ (Q4),High,USD,%,2.1,3.5,1.9,-1.6,-45.714
2017-03-10 13:30:00,US,Non Farm Payrolls (Feb),High,USD,K,190.0,238.0,235.0,-3.0,-1.261
2017-03-10 13:30:00,US,Unemployment Rate (Feb),High,USD,%,4.7,4.8,4.7,-0.1,-2.083
2017-03-15 12:30:00,US,Retail Sales MoM (Feb),High,USD,%,0.1,0.6,0.1,-0.5,-83.333
2017-03-15 12:30:00,US,Inflation Rate YoY (Feb),High,USD,%,2.7,2.5,2.7,0.2,8.0
2017-03-15 12:30:00,US,Core Inflation Rate YoY (Feb),High,USD,%,2.2,2.3,2.2,-0.1,-4.348
2017-03-15 18:00:00,US,Fed Interest Rate Decision,High,USD,%,1.0,0.75,1.0,0.25,33.333
2017-03-24 12:30:00,US,Durable Goods Orders MoM (Feb),High,USD,%,1.2,2.3,1.7,-0.6,-26.087
2017-03-30 12:30:00,US,GDP Growth Rate QoQ (Q4),High,USD,%,2.0,3.5,2.1,-1.4,-40.0
2017-04-07 12:30:00,US,Non Farm Payrolls (Mar),High,USD,K,180.0,219.0,98.0,-121.0,-55.251
2017-04-07 12:30:00,US,Unemployment Rate (Mar),High,USD,%,4.7,4.7,4.5,-0.2,-4.255
2017-04-14 12:30:00,US,Retail Sales MoM (Mar),High,USD,%,-0.1,-0.3,-0.2,0.1,33.333
2017-04-14 12:30:00,US,Core Inflation Rate YoY (Mar),High,USD,%,2.3,2.2,2.0,-0.2,-9.091
2017-04-14 12:30:00,US,Inflation Rate YoY (Mar),High,USD,%,2.6,2.7,2.4,-0.3,-11.111
2017-04-27 12:30:00,US,Durable Goods Orders MoM (Mar),High,USD,%,1.2,2.3,0.7,-1.6,-69.565
2017-04-28 12:30:00,US,GDP Growth Rate QoQ Adv (Q1),High,USD,%,1.1,2.1,0.7,-1.4,-66.667
2017-05-05 12:30:00,US,Unemployment Rate (Apr),High,USD,%,4.6,4.5,4.4,-0.1,-2.222
2017-05-05 12:30:00,US,Non Farm Payrolls (Apr),High,USD,K,185.0,79.0,211.0,132.0,167.089
2017-05-12 12:30:00,US,Core Inflation Rate YoY (Apr),High,USD,%,2.0,2.0,1.9,-0.1,-5.0
2017-05-12 12:30:00,US,Retail Sales MoM (Apr),High,USD,%,0.6,0.1,0.4,0.3,300.0
2017-05-12 12:30:00,US,Inflation Rate YoY (Apr),High,USD,%,2.3,2.4,2.2,-0.2,-8.333
2017-05-26 12:30:00,US,GDP Growth Rate QoQ (Q1),High,USD,%,0.9,2.1,1.2,-0.9,-42.857
2017-05-26 12:30:00,US,Durable Goods Orders MoM (Apr),High,USD,%,-1.2,2.3,-0.7,-3.0,-130.435
2017-05-30 12:30:00,US,PCE Price Index YoY (Apr),High,USD,%,1.7,1.9,1.7,-0.2,-10.526
2017-05-30 12:30:00,US,Core PCE Price Index YoY (Apr),High,USD,%,1.5,1.6,1.5,-0.1,-6.25
2017-06-02 12:30:00,US,Non Farm Payrolls (May),High,USD,K,185.0,174.0,138.0,-36.0,-20.69
2017-06-02 12:30:00,US,Unemployment Rate (May),High,USD,%,4.4,4.4,4.3,-0.1,-2.273
2017-06-14 12:30:00,US,Inflation Rate YoY (May),High,USD,%,2.0,2.2,1.9,-0.3,-13.636
2017-06-14 12:30:00,US,Core Inflation Rate YoY (May),High,USD,%,1.9,1.9,1.7,-0.2,-10.526
2017-06-14 12:30:00,US,Retail Sales MoM (May),High,USD,%,0.1,0.4,-0.3,-0.7,-175.0
2017-06-14 18:00:00,US,Fed Interest Rate Decision,High,USD,%,1.25,1.0,1.25,0.25,25.0
2017-06-26 12:30:00,US,Durable Goods Orders MoM (May),High,USD,%,-0.6,-0.9,-1.1,-0.2,-22.222
2017-06-29 12:30:00,US,GDP Growth Rate QoQ (Q1),High,USD,%,1.2,2.1,1.4,-0.7,-33.333
2017-06-30 12:30:00,US,Core PCE Price Index YoY (May),High,USD,%,1.4,1.5,1.4,-0.1,-6.667
2017-07-07 12:30:00,US,Non Farm Payrolls (Jun),High,USD,K,179.0,152.0,222.0,70.0,46.053
2017-07-07 12:30:00,US,Unemployment Rate (Jun),High,USD,%,4.3,4.3,4.4,0.1,2.326
2017-07-14 12:30:00,US,Inflation Rate YoY (Jun),High,USD,%,1.7,1.9,1.6,-0.3,-15.789
2017-07-14 12:30:00,US,Retail Sales MoM (Jun),High,USD,%,0.1,-0.1,-0.2,-0.1,-100.0
2017-07-27 12:30:00,US,Durable Goods Orders MoM (Jun),High,USD,%,3.0,-0.1,6.5,6.6,6600.0
2017-07-28 12:30:00,US,GDP Growth Rate QoQ Adv (Q2),High,USD,%,2.6,1.2,2.6,1.4,116.667
2017-08-04 12:30:00,US,Unemployment Rate (Jul),High,USD,%,4.3,4.4,4.3,-0.1,-2.273
2017-08-04 12:30:00,US,Non Farm Payrolls (Jul),High,USD,K,183.0,231.0,209.0,-22.0,-9.524
2017-08-11 12:30:00,US,Inflation Rate YoY (Jul),High,USD,%,1.8,1.6,1.7,0.1,6.25
2017-08-15 12:30:00,US,Retail Sales MoM (Jul),High,USD,%,0.4,0.3,0.6,0.3,100.0
2017-08-25 12:30:00,US,Durable Goods Orders MoM (Jul),High,USD,%,-6.0,6.4,-6.8,-13.2,-206.25
2017-08-29 20:30:00,US,API Weekly Crude Oil Stock (Aug),High,USD,M,-1.5,-3.59,-5.78,-2.19,-61.003
2017-08-30 12:30:00,US,GDP Growth Rate QoQ (Q2),High,USD,%,2.7,1.2,3.0,1.8,150.0
2017-08-31 12:30:00,US,Core PCE Price Index YoY (Jul),High,USD,%,1.4,1.5,1.4,-0.1,-6.667
2017-09-01 12:30:00,US,Non Farm Payrolls (Aug),High,USD,K,180.0,189.0,156.0,-33.0,-17.46
2017-09-01 12:30:00,US,Unemployment Rate (Aug),High,USD,%,4.3,4.3,4.4,0.1,2.326
2017-09-06 20:30:00,US,API Weekly Crude Oil Stock (Sep),High,USD,M,4.6,-5.78,2.791,8.571,148.287
2017-09-12 23:30:00,US,API Weekly Crude Oil Stock (Sep),High,USD,M,2.91,2.791,6.181,3.39,121.462
2017-09-14 12:30:00,US,Inflation Rate YoY (Aug),High,USD,%,1.8,1.7,1.9,0.2,11.765
2017-09-15 12:30:00,US,Retail Sales MoM (Aug),High,USD,%,0.1,0.3,-0.2,-0.5,-166.667
2017-09-27 12:30:00,US,Durable Goods Orders MoM (Aug),High,USD,%,1.0,-6.8,1.7,8.5,125.0
2017-09-28 12:30:00,US,GDP Growth Rate QoQ (Q2),High,USD,%,3.0,1.2,3.1,1.9,158.333
2017-09-29 12:30:00,US,Core PCE Price Index YoY (Aug),High,USD,%,1.4,1.4,1.3,-0.1,-7.143
2017-10-06 12:30:00,US,Non Farm Payrolls (Sep),High,USD,K,90.0,169.0,-33.0,-202.0,-119.527
2017-10-06 12:30:00,US,Unemployment Rate (Sep),High,USD,%,4.4,4.4,4.2,-0.2,-4.545
2017-10-13 12:30:00,US,Retail Sales MoM (Sep),High,USD,%,1.7,-0.1,1.6,1.7,1700.0
2017-10-13 12:30:00,US,Inflation Rate YoY (Sep),High,USD,%,2.3,1.9,2.2,0.3,15.789
2017-10-17 20:30:00,US,API Weekly Crude Oil Stock (Oct),High,USD,M,-4.2,3.097,-7.13,-10.227,-330.223
2017-10-25 12:30:00,US,Durable Goods Orders MoM (Sep),High,USD,%,1.0,2.0,2.2,0.2,10.0
2017-10-27 12:30:00,US,GDP Growth Rate QoQ Adv (Q3),High,USD,%,3.3,3.1,3.0,-0.1,-3.226
2017-11-03 12:30:00,US,Unemployment Rate (Oct),High,USD,%,4.2,4.2,4.1,-0.1,-2.381
2017-11-03 12:30:00,US,Non Farm Payrolls (Oct),High,USD,K,310.0,18.0,261.0,243.0,1350.0
2017-11-15 13:30:00,US,Core Inflation Rate YoY (Oct),High,USD,%,1.7,1.7,1.8,0.1,5.882
2017-11-15 13:30:00,US,Inflation Rate YoY (Oct),High,USD,%,2.0,2.2,2.0,-0.2,-9.091
2017-11-22 13:30:00,US,Durable Goods Orders MoM (Oct),High,USD,%,0.3,2.2,-1.2,-3.4,-154.545
2017-11-29 13:30:00,US,GDP Growth Rate QoQ (Q3),High,USD,%,3.2,3.1,3.3,0.2,6.452
2017-11-30 13:30:00,US,PCE Price Index YoY (Oct),High,USD,%,1.5,1.7,1.6,-0.1,-5.882
2017-12-08 13:30:00,US,Non Farm Payrolls (Nov),High,USD,K,200.0,244.0,228.0,-16.0,-6.557
2017-12-13 13:30:00,US,Inflation Rate YoY (Nov),High,USD,%,2.2,2.0,2.2,0.2,10.0
2017-12-13 13:30:00,US,Core Inflation Rate YoY (Nov),High,USD,%,1.8,1.8,1.7,-0.1,-5.556
2017-12-13 19:00:00,US,Fed Interest Rate Decision,High,USD,%,1.5,1.25,1.5,0.25,20.0
2017-12-14 13:30:00,US,Retail Sales MoM (Nov),High,USD,%,0.3,0.5,0.8,0.3,60.0
2017-12-21 13:30:00,US,GDP Growth Rate QoQ (Q3),High,USD,%,3.3,3.1,3.2,0.1,3.226
2017-12-22 13:30:00,US,Core PCE Price Index YoY (Nov),High,USD,%,1.5,1.4,1.5,0.1,7.143
2017-12-22 13:30:00,US,Durable Goods Orders MoM (Nov),High,USD,%,2.0,-0.4,1.3,1.7,425.0
2018-01-05 13:30:00,US,Non Farm Payrolls (Dec),High,USD,K,190.0,252.0,148.0,-104.0,-41.27
2018-01-12 13:30:00,US,Inflation Rate YoY (Dec),High,USD,%,2.1,2.2,2.1,-0.1,-4.545
2018-01-12 13:30:00,US,Core Inflation Rate YoY (Dec),High,USD,%,1.7,1.7,1.8,0.1,5.882
2018-01-12 13:30:00,US,Retail Sales MoM (Dec),High,USD,%,0.4,0.9,0.4,-0.5,-55.556
2018-01-26 13:30:00,US,GDP Growth Rate QoQ Adv (Q4),High,USD,%,2.7,3.2,2.6,-0.6,-18.75
2018-01-26 13:30:00,US,Durable Goods Orders MoM (Dec),High,USD,%,0.8,1.7,2.9,1.2,70.588
2018-02-02 13:30:00,US,Non Farm Payrolls (Jan),High,USD,K,180.0,160.0,200.0,40.0,25.0
2018-02-27 13:30:00,US,Durable Goods Orders MoM (Jan),High,USD,%,-2.0,2.6,-3.7,-6.3,-242.308
2018-02-28 13:30:00,US,GDP Growth Rate QoQ (Q4),High,USD,%,2.5,3.2,2.5,-0.7,-21.875
2018-03-09 13:30:00,US,Non Farm Payrolls (Feb),High,USD,K,200.0,239.0,313.0,74.0,30.962
2018-03-13 12:30:00,US,Inflation Rate YoY (Feb),High,USD,%,2.2,2.1,2.2,0.1,4.762
2018-03-21 18:00:00,US,Fed Interest Rate Decision,High,USD,%,1.75,1.5,1.75,0.25,16.667
2018-03-23 12:30:00,US,Durable Goods Orders MoM (Feb),High,USD,%,1.5,-3.5,3.1,6.6,188.571
2018-03-28 12:30:00,US,GDP Growth Rate QoQ (Q4),High,USD,%,2.7,3.2,2.9,-0.3,-9.375
2018-03-29 12:30:00,US,Core PCE Price Index YoY (Feb),High,USD,%,1.6,1.5,1.6,0.1,6.667
2018-04-06 12:30:00,US,Non Farm Payrolls (Mar),High,USD,K,193.0,326.0,103.0,-223.0,-68.405
2018-04-11 12:30:00,US,Inflation Rate YoY (Mar),High,USD,%,2.4,2.2,2.4,0.2,9.091
2018-04-11 12:30:00,US,Core Inflation Rate YoY (Mar),High,USD,%,2.1,1.8,2.1,0.3,16.667
2018-04-16 12:30:00,US,Retail Sales MoM (Mar),High,USD,%,0.4,-0.1,0.6,0.7,700.0
2018-04-26 12:30:00,US,Durable Goods Orders MoM (Mar),High,USD,%,1.6,3.5,2.6,-0.9,-25.714
2018-04-27 12:30:00,US,GDP Growth Rate QoQ Adv (Q1),High,USD,%,2.0,2.9,2.3,-0.6,-20.69
2018-04-30 12:30:00,US,Core PCE Price Index YoY (Mar),High,USD,%,1.9,1.6,1.9,0.3,18.75
2018-04-30 12:30:00,US,PCE Price Index YoY (Mar),High,USD,%,2.0,1.7,2.0,0.3,17.647
2018-05-04 12:30:00,US,Unemployment Rate (Apr),High,USD,%,4.0,4.1,3.9,-0.2,-4.878
2018-05-04 12:30:00,US,Non Farm Payrolls (Apr),High,USD,K,192.0,135.0,164.0,29.0,21.481
2018-05-10 12:30:00,US,Inflation Rate YoY (Apr),High,USD,%,2.5,2.4,2.5,0.1,4.167
2018-05-15 12:30:00,US,Retail Sales MoM (Apr),High,USD,%,0.3,0.8,0.3,-0.5,-62.5
2018-05-25 12:30:00,US,Durable Goods Orders MoM (Apr),High,USD,%,-1.4,2.7,-1.7,-4.4,-162.963
2018-05-30 12:30:00,US,GDP Growth Rate QoQ (Q1),High,USD,%,2.3,2.9,2.2,-0.7,-24.138
2018-06-01 12:30:00,US,Non Farm Payrolls (May),High,USD,K,189.0,159.0,223.0,64.0,40.252
2018-06-01 12:30:00,US,Unemployment Rate (May),High,USD,%,3.9,3.9,3.8,-0.1,-2.564
2018-06-12 12:30:00,US,Core Inflation Rate YoY (May),High,USD,%,2.2,2.1,2.2,0.1,4.762
2018-06-12 12:30:00,US,Inflation Rate YoY (May),High,USD,%,2.7,2.5,2.8,0.3,12.0
2018-06-13 18:00:00,US,Fed Interest Rate Decision,High,USD,%,2.0,1.75,2.0,0.25,14.286
2018-06-14 12:30:00,US,Retail Sales MoM (May),High,USD,%,0.4,0.4,0.8,0.4,100.0
2018-06-27 12:30:00,US,Durable Goods Orders MoM (May),High,USD,%,-1.0,-1.0,-0.6,0.4,40.0
2018-06-28 12:30:00,US,GDP Growth Rate QoQ (Q1),High,USD,%,2.2,2.9,2.0,-0.9,-31.034
2018-06-29 12:30:00,US,Core PCE Price Index YoY (May),High,USD,%,1.9,1.8,2.0,0.2,11.111
2018-07-06 12:30:00,US,Non Farm Payrolls (Jun),High,USD,K,195.0,244.0,213.0,-31.0,-12.705
2018-07-06 12:30:00,US,Unemployment Rate (Jun),High,USD,%,3.8,3.8,4.0,0.2,5.263
2018-07-12 12:30:00,US,Core Inflation Rate YoY (Jun),High,USD,%,2.3,2.2,2.3,0.1,4.545
2018-07-12 12:30:00,US,Inflation Rate YoY (Jun),High,USD,%,2.9,2.8,2.9,0.1,3.571
2018-07-16 12:30:00,US,Retail Sales MoM (Jun),High,USD,%,0.5,1.3,0.5,-0.8,-61.538
2018-07-26 12:30:00,US,Durable Goods Orders MoM (Jun),High,USD,%,3.0,-0.3,1.0,1.3,433.333
2018-07-27 12:30:00,US,GDP Growth Rate QoQ Adv (Q2),High,USD,%,4.1,2.2,4.1,1.9,86.364
2018-08-03 12:30:00,US,Unemployment Rate (Jul),High,USD,%,3.9,4.0,3.9,-0.1,-2.5
2018-08-03 12:30:00,US,Non Farm Payrolls (Jul),High,USD,K,190.0,248.0,157.0,-91.0,-36.694
2018-08-10 12:30:00,US,Core Inflation Rate YoY (Jul),High,USD,%,2.3,2.3,2.4,0.1,4.348
2018-08-15 12:30:00,US,Retail Sales MoM (Jul),High,USD,%,0.1,0.2,0.5,0.3,150.0
2018-08-24 12:30:00,US,Durable Goods Orders MoM (Jul),High,USD,%,-0.5,0.7,-1.7,-2.4,-342.857
2018-08-29 12:30:00,US,GDP Growth Rate QoQ (Q2),High,USD,%,4.0,2.2,4.2,2.0,90.909
2018-08-30 12:30:00,US,Core PCE Price Index YoY (Jul),High,USD,%,2.0,1.9,2.0,0.1,5.263
2018-08-30 12:30:00,US,PCE Price Index YoY (Jul),High,USD,%,2.2,2.2,2.3,0.1,4.545
2018-09-07 12:30:00,US,Non Farm Payrolls (Aug),High,USD,K,191.0,147.0,201.0,54.0,36.735
2018-09-13 12:30:00,US,Core Inflation Rate YoY (Aug),High,USD,%,2.4,2.4,2.2,-0.2,-8.333
2018-09-13 12:30:00,US,Inflation Rate YoY (Aug),High,USD,%,2.8,2.9,2.7,-0.2,-6.897
2018-09-14 12:30:00,US,Retail Sales MoM (Aug),High,USD,%,0.4,0.7,0.1,-0.6,-85.714
2018-09-26 18:00:00,US,Fed Interest Rate Decision,High,USD,%,2.25,2.0,2.25,0.25,12.5
2018-09-27 12:30:00,US,Durable Goods Orders MoM (Aug),High,USD,%,2.0,-1.2,4.5,5.7,475.0
2018-09-27 12:30:00,US,GDP Growth Rate QoQ (Q2),High,USD,%,4.2,2.2,4.2,2.0,90.909
2018-10-05 12:30:00,US,Unemployment Rate (Sep),High,USD,%,3.8,3.9,3.7,-0.2,-5.128
2018-10-05 12:30:00,US,Non Farm Payrolls (Sep),High,USD,K,185.0,270.0,134.0,-136.0,-50.37
2018-10-11 12:30:00,US,Inflation Rate YoY (Sep),High,USD,%,2.4,2.7,2.3,-0.4,-14.815
2018-10-25 12:30:00,US,Durable Goods Orders MoM (Sep),High,USD,%,-1.0,4.6,0.8,-3.8,-82.609
2018-10-26 12:30:00,US,GDP Growth Rate QoQ Adv (Q3),High,USD,%,3.3,4.2,3.5,-0.7,-16.667
2018-11-02 12:30:00,US,Non Farm Payrolls (Oct),High,USD,K,190.0,118.0,250.0,132.0,111.864
2018-11-14 13:30:00,US,Core Inflation Rate YoY (Oct),High,USD,%,2.2,2.2,2.1,-0.1,-4.545
2018-11-14 13:30:00,US,Inflation Rate YoY (Oct),High,USD,%,2.5,2.3,2.5,0.2,8.696
2018-11-15 13:30:00,US,Retail Sales MoM (Oct),High,USD,%,0.5,-0.1,0.8,0.9,900.0
2018-11-21 13:30:00,US,Durable Goods Orders MoM (Oct),High,USD,%,-2.5,-0.1,-4.4,-4.3,-4300.0
2018-11-28 13:30:00,US,GDP Growth Rate QoQ (Q3),High,USD,%,3.5,4.2,3.5,-0.7,-16.667
2018-11-29 13:30:00,US,Core PCE Price Index YoY (Oct),High,USD,%,1.9,1.9,1.8,-0.1,-5.263
2018-12-07 13:30:00,US,Non Farm Payrolls (Nov),High,USD,K,200.0,237.0,155.0,-82.0,-34.599
2018-12-12 13:30:00,US,Inflation Rate YoY (Nov),High,USD,%,2.2,2.5,2.2,-0.3,-12.0
2018-12-12 13:30:00,US,Core Inflation Rate YoY (Nov),High,USD,%,2.2,2.1,2.2,0.1,4.762
2018-12-14 13:30:00,US,Retail Sales MoM (Nov),High,USD,%,0.2,1.1,0.2,-0.9,-81.818
2018-12-19 19:00:00,US,Fed Interest Rate Decision,High,USD,%,2.5,2.25,2.5,0.25,11.111
2018-12-21 13:30:00,US,Durable Goods Orders MoM (Nov),High,USD,%,1.6,-4.3,0.8,5.1,118.605
2018-12-21 13:30:00,US,GDP Growth Rate QoQ (Q3),High,USD,%,3.5,4.2,3.4,-0.8,-19.048
2018-12-21 15:00:00,US,Core PCE Price Index YoY (Nov),High,USD,%,1.9,1.8,1.9,0.1,5.556
2018-12-21 15:00:00,US,PCE Price Index YoY (Nov),High,USD,%,1.7,2.0,1.8,-0.2,-10.0
2019-01-04 13:30:00,US,Non Farm Payrolls (Dec),High,USD,K,177.0,176.0,312.0,136.0,77.273
2019-01-04 13:30:00,US,Unemployment Rate (Dec),High,USD,%,3.7,3.7,3.9,0.2,5.405
2019-01-11 13:30:00,US,Inflation Rate YoY (Dec),High,USD,%,1.9,2.2,1.9,-0.3,-13.636
2019-02-01 13:30:00,US,Unemployment Rate (Jan),High,USD,%,3.9,3.9,4.0,0.1,2.564
2019-02-01 13:30:00,US,Non Farm Payrolls (Jan),High,USD,K,165.0,222.0,304.0,82.0,36.937
2019-02-13 13:30:00,US,Inflation Rate YoY (Jan),High,USD,%,1.5,1.9,1.6,-0.3,-15.789
2019-02-14 13:30:00,US,Retail Sales MoM (Dec),High,USD,%,0.2,0.1,-1.2,-1.3,-1300.0
2019-02-21 13:30:00,US,Durable Goods Orders MoM (Dec),High,USD,%,1.5,1.0,1.2,0.2,20.0
2019-02-28 13:30:00,US,GDP Growth Rate QoQ (Q4),High,USD,%,2.5,3.4,2.6,-0.8,-23.529
2019-03-01 13:30:00,US,PCE Price Index YoY (Dec),High,USD,%,1.7,1.8,1.7,-0.1,-5.556
2019-03-08 13:30:00,US,Unemployment Rate (Feb),High,USD,%,3.9,4.0,3.8,-0.2,-5.0
2019-03-08 13:30:00,US,Non Farm Payrolls (Feb),High,USD,K,180.0,311.0,20.0,-291.0,-93.569
2019-03-12 12:30:00,US,Core Inflation Rate YoY (Feb),High,USD,%,2.2,2.2,2.1,-0.1,-4.545
2019-03-12 12:30:00,US,Inflation Rate YoY (Feb),High,USD,%,1.6,1.6,1.5,-0.1,-6.25
2019-03-13 12:30:00,US,Durable Goods Orders MoM (Jan),High,USD,%,-0.5,1.3,0.4,-0.9,-69.231
2019-03-28 12:30:00,US,GDP Growth Rate QoQ (Q4),High,USD,%,2.4,3.4,2.2,-1.2,-35.294
2019-03-29 12:30:00,US,PCE Price Index YoY (Jan),High,USD,%,1.4,1.8,1.4,-0.4,-22.222
2019-03-29 12:30:00,US,Core PCE Price Index YoY (Jan),High,USD,%,1.9,2.0,1.8,-0.2,-10.0
2019-04-01 12:30:00,US,Retail Sales MoM (Feb),High,USD,%,0.3,0.7,-0.2,-0.9,-128.571
2019-04-02 12:30:00,US,Durable Goods Orders MoM (Feb),High,USD,%,-1.8,0.1,-1.6,-1.7,-1700.0
2019-04-05 12:30:00,US,Non Farm Payrolls (Mar),High,USD,K,180.0,33.0,196.0,163.0,493.939
2019-04-10 12:30:00,US,Core Inflation Rate YoY (Mar),High,USD,%,2.1,2.1,2.0,-0.1,-4.762
2019-04-10 12:30:00,US,Inflation Rate YoY (Mar),High,USD,%,1.8,1.5,1.9,0.4,26.667
2019-04-18 12:30:00,US,Retail Sales MoM (Mar),High,USD,%,0.9,-0.2,1.6,1.8,900.0
2019-04-25 12:30:00,US,Durable Goods Orders MoM (Mar),High,USD,%,0.8,-1.1,2.7,3.8,345.455
2019-04-26 12:30:00,US,GDP Growth Rate QoQ Adv (Q1),High,USD,%,2.0,2.2,3.2,1.0,45.455
2019-04-29 12:30:00,US,Core PCE Price Index YoY (Mar),High,USD,%,1.7,1.7,1.6,-0.1,-5.882
2019-05-03 12:30:00,US,Non Farm Payrolls (Apr),High,USD,K,185.0,189.0,263.0,74.0,39.153
2019-05-03 12:30:00,US,Unemployment Rate (Apr),High,USD,%,3.8,3.8,3.6,-0.2,-5.263
2019-05-10 12:30:00,US,Inflation Rate YoY (Apr),High,USD,%,2.1,1.9,2.0,0.1,5.263
2019-05-10 12:30:00,US,Core Inflation Rate YoY (Apr),High,USD,%,2.1,2.0,2.1,0.1,5.0
2019-05-15 12:30:00,US,Retail Sales MoM (Apr),High,USD,%,0.2,1.7,-0.2,-1.9,-111.765
2019-05-24 12:30:00,US,Durable Goods Orders MoM (Apr),High,USD,%,-2.0,1.7,-2.1,-3.8,-223.529
2019-05-30 12:30:00,US,GDP Growth Rate QoQ (Q1),High,USD,%,3.1,2.2,3.1,0.9,40.909
2019-05-31 12:30:00,US,PCE Price Index YoY (Apr),High,USD,%,1.5,1.4,1.5,0.1,7.143
2019-05-31 12:30:00,US,Core PCE Price Index YoY (Apr),High,USD,%,1.6,1.5,1.6,0.1,6.667
2019-06-07 12:30:00,US,Non Farm Payrolls (May),High,USD,K,185.0,224.0,75.0,-149.0,-66.518
2019-06-12 12:30:00,US,Inflation Rate YoY (May),High,USD,%,1.9,2.0,1.8,-0.2,-10.0
2019-06-12 12:30:00,US,Core Inflation Rate YoY (May),High,USD,%,2.1,2.1,2.0,-0.1,-4.762
2019-06-14 12:30:00,US,Retail Sales MoM (May),High,USD,%,0.6,0.3,0.5,0.2,66.667
2019-06-26 12:30:00,US,Durable Goods Orders MoM (May),High,USD,%,-0.1,-2.8,-1.3,1.5,53.571
2019-06-27 12:30:00,US,GDP Growth Rate QoQ (Q1),High,USD,%,3.1,2.2,3.1,0.9,40.909
2019-07-05 12:30:00,US,Non Farm Payrolls (Jun),High,USD,K,160.0,72.0,224.0,152.0,211.111
2019-07-05 12:30:00,US,Unemployment Rate (Jun),High,USD,%,3.6,3.6,3.7,0.1,2.778
2019-07-11 12:30:00,US,Core Inflation Rate YoY (Jun),High,USD,%,2.0,2.0,2.1,0.1,5.0
2019-07-11 12:30:00,US,Inflation Rate YoY (Jun),High,USD,%,1.6,1.8,1.6,-0.2,-11.111
2019-07-25 12:30:00,US,Durable Goods Orders MoM (Jun),High,USD,%,0.7,-2.3,2.0,4.3,186.957
2019-07-26 12:30:00,US,GDP Growth Rate QoQ Adv (Q2),High,USD,%,1.8,3.1,2.1,-1.0,-32.258
2019-07-30 12:30:00,US,Core PCE Price Index YoY (Jun),High,USD,%,1.7,1.5,1.6,0.1,6.667
2019-07-31 18:00:00,US,Fed Interest Rate Decision,High,USD,%,2.25,2.5,2.25,-0.25,-10.0
2019-08-02 12:30:00,US,Non Farm Payrolls (Jul),High,USD,K,164.0,193.0,164.0,-29.0,-15.026
2019-08-13 12:30:00,US,Inflation Rate YoY (Jul),High,USD,%,1.7,1.6,1.8,0.2,12.5
2019-08-13 12:30:00,US,Core Inflation Rate YoY (Jul),High,USD,%,2.1,2.1,2.2,0.1,4.762
2019-08-15 12:30:00,US,Retail Sales MoM (Jul),High,USD,%,0.3,0.3,0.7,0.4,133.333
2019-08-26 12:30:00,US,Durable Goods Orders MoM (Jul),High,USD,%,1.2,1.8,2.1,0.3,16.667
2019-08-29 12:30:00,US,GDP Growth Rate QoQ (Q2),High,USD,%,2.0,3.1,2.0,-1.1,-35.484
2019-09-06 12:30:00,US,Non Farm Payrolls (Aug),High,USD,K,158.0,159.0,130.0,-29.0,-18.239
2019-09-12 12:30:00,US,Inflation Rate YoY (Aug),High,USD,%,1.8,1.8,1.7,-0.1,-5.556
2019-09-12 12:30:00,US,Core Inflation Rate YoY (Aug),High,USD,%,2.3,2.2,2.4,0.2,9.091
2019-09-13 12:30:00,US,Retail Sales MoM (Aug),High,USD,%,0.2,0.8,0.4,-0.4,-50.0
2019-09-18 18:00:00,US,Fed Interest Rate Decision,High,USD,%,2.0,2.25,2.0,-0.25,-11.111
2019-09-26 12:30:00,US,GDP Growth Rate QoQ (Q2),High,USD,%,2.0,3.1,2.0,-1.1,-35.484
2019-09-27 12:30:00,US,Core PCE Price Index YoY (Aug),High,USD,%,1.8,1.7,1.8,0.1,5.882
2019-09-27 12:30:00,US,Durable Goods Orders MoM (Aug),High,USD,%,-1.0,2.0,0.2,-1.8,-90.0
2019-10-04 12:30:00,US,Unemployment Rate (Sep),High,USD,%,3.7,3.7,3.5,-0.2,-5.405
2019-10-04 12:30:00,US,Non Farm Payrolls (Sep),High,USD,K,145.0,168.0,136.0,-32.0,-19.048
2019-10-16 12:30:00,US,Retail Sales MoM (Sep),High,USD,%,0.3,0.6,-0.3,-0.9,-150.0
2019-10-24 12:30:00,US,Durable Goods Orders MoM (Sep),High,USD,%,-0.8,0.3,-1.1,-1.4,-466.667
2019-10-30 12:30:00,US,GDP Growth Rate QoQ Adv (Q3),High,USD,%,1.6,2.0,1.9,-0.1,-5.0
2019-10-30 18:00:00,US,Fed Interest Rate Decision,High,USD,%,1.75,2.0,1.75,-0.25,-12.5
2019-10-31 12:30:00,US,Core PCE Price Index YoY (Sep),High,USD,%,1.7,1.8,1.7,-0.1,-5.556
2019-10-31 12:30:00,US,PCE Price Index YoY (Sep),High,USD,%,1.4,1.4,1.3,-0.1,-7.143
2019-11-01 12:30:00,US,Non Farm Payrolls (Oct),High,USD,K,89.0,180.0,128.0,-52.0,-28.889
2019-11-01 12:30:00,US,Unemployment Rate (Oct),High,USD,%,3.6,3.5,3.6,0.1,2.857
2019-11-13 13:30:00,US,Inflation Rate YoY (Oct),High,USD,%,1.7,1.7,1.8,0.1,5.882
2019-11-13 13:30:00,US,Core Inflation Rate YoY (Oct),High,USD,%,2.4,2.4,2.3,-0.1,-4.167
2019-11-15 13:30:00,US,Retail Sales MoM (Oct),High,USD,%,0.2,-0.3,0.3,0.6,200.0
2019-11-27 13:30:00,US,GDP Growth Rate QoQ (Q3),High,USD,%,1.9,2.0,2.1,0.1,5.0
2019-11-27 13:30:00,US,Durable Goods Orders MoM (Oct),High,USD,%,-0.8,-1.4,0.6,2.0,142.857
2019-11-27 15:00:00,US,Core PCE Price Index YoY (Oct),High,USD,%,1.7,1.7,1.6,-0.1,-5.882
2019-12-06 13:30:00,US,Unemployment Rate (Nov),High,USD,%,3.6,3.6,3.5,-0.1,-2.778
2019-12-06 13:30:00,US,Non Farm Payrolls (Nov),High,USD,K,180.0,156.0,266.0,110.0,70.513
2019-12-11 13:30:00,US,Inflation Rate YoY (Nov),High,USD,%,2.0,1.8,2.1,0.3,16.667
2019-12-13 13:30:00,US,Retail Sales MoM (Nov),High,USD,%,0.5,0.4,0.2,-0.2,-50.0
2019-12-20 13:30:00,US,GDP Growth Rate QoQ (Q3),High,USD,%,2.1,2.0,2.1,0.1,5.0
2019-12-20 15:00:00,US,Core PCE Price Index YoY (Nov),High,USD,%,1.6,1.7,1.6,-0.1,-5.882
2019-12-23 13:30:00,US,Durable Goods Orders MoM (Nov),High,USD,%,1.5,0.2,-2.0,-2.2,-1100.0
2020-01-10 13:30:00,US,Non Farm Payrolls (Dec),High,USD,K,164.0,256.0,145.0,-111.0,-43.359
2020-01-14 13:30:00,US,Inflation Rate YoY (Dec),High,USD,%,2.3,2.1,2.3,0.2,9.524
2020-01-28 13:30:00,US,Durable Goods Orders MoM (Dec),High,USD,%,0.4,-3.1,2.4,5.5,177.419
2020-01-31 13:30:00,US,Core PCE Price Index YoY (Dec),High,USD,%,1.6,1.5,1.6,0.1,6.667
2020-02-07 13:30:00,US,Non Farm Payrolls (Jan),High,USD,K,160.0,147.0,225.0,78.0,53.061
2020-02-07 13:30:00,US,Unemployment Rate (Jan),High,USD,%,3.5,3.5,3.6,0.1,2.857
2020-02-13 13:30:00,US,Inflation Rate YoY (Jan),High,USD,%,2.4,2.3,2.5,0.2,8.696
2020-02-14 13:30:00,US,Retail Sales MoM (Jan),High,USD,%,0.3,0.2,0.3,0.1,50.0
2020-02-27 13:30:00,US,Durable Goods Orders MoM (Jan),High,USD,%,-1.5,2.9,-0.2,-3.1,-106.897
2020-02-28 13:30:00,US,Core PCE Price Index YoY (Jan),High,USD,%,1.7,1.5,1.6,0.1,6.667
2020-03-06 13:30:00,US,Unemployment Rate (Feb),High,USD,%,3.6,3.6,3.5,-0.1,-2.778
2020-03-11 12:30:00,US,Inflation Rate YoY (Feb),High,USD,%,2.2,2.5,2.3,-0.2,-8.0
2020-03-11 12:30:00,US,Core Inflation Rate YoY (Feb),High,USD,%,2.3,2.3,2.4,0.1,4.348
2020-03-17 12:30:00,US,Retail Sales MoM (Feb),High,USD,%,0.2,0.6,-0.5,-1.1,-183.333
2020-03-25 12:30:00,US,Durable Goods Orders MoM (Feb),High,USD,%,-0.8,0.1,1.2,1.1,1100.0
2020-03-27 12:30:00,US,Core PCE Price Index YoY (Feb),High,USD,%,1.7,1.7,1.8,0.1,5.882
2020-04-03 12:30:00,US,Unemployment Rate (Mar),High,USD,%,3.8,3.5,4.4,0.9,25.714
2020-04-03 12:30:00,US,Non Farm Payrolls (Mar),High,USD,K,-100.0,275.0,-701.0,-976.0,-354.909
2020-04-10 12:30:00,US,Core Inflation Rate YoY (Mar),High,USD,%,2.3,2.4,2.1,-0.3,-12.5
2020-04-10 12:30:00,US,Inflation Rate YoY (Mar),High,USD,%,1.6,2.3,1.5,-0.8,-34.783
2020-04-15 12:30:00,US,Retail Sales MoM (Mar),High,USD,%,-8.0,-0.4,-8.7,-8.3,-2075.0
2020-04-24 12:30:00,US,Durable Goods Orders MoM (Mar),High,USD,%,-11.9,1.1,-14.4,-15.5,-1409.091
2020-04-29 12:30:00,US,GDP Growth Rate QoQ Adv (Q1),High,USD,%,-4.0,2.1,-4.8,-6.9,-328.571
2020-04-30 12:30:00,US,Core PCE Price Index YoY (Mar),High,USD,%,1.6,1.8,1.7,-0.1,-5.556
2020-05-08 12:30:00,US,Unemployment Rate (Apr),High,USD,%,16.0,4.4,14.7,10.3,234.091
2020-05-08 12:30:00,US,Non Farm Payrolls (Apr),High,USD,K,-22000.0,-870.0,-20500.0,-19630.0,-2256.322
2020-05-12 12:30:00,US,Inflation Rate YoY (Apr),High,USD,%,0.4,1.5,0.3,-1.2,-80.0
2020-05-12 12:30:00,US,Core Inflation Rate YoY (Apr),High,USD,%,1.7,2.1,1.4,-0.7,-33.333
2020-05-15 12:30:00,US,Retail Sales MoM (Apr),High,USD,%,-12.0,-8.3,-16.4,-8.1,-97.59
2020-05-28 12:30:00,US,GDP Growth Rate QoQ (Q1),High,USD,%,-4.8,2.1,-5.0,-7.1,-338.095
2020-05-28 12:30:00,US,Durable Goods Orders MoM (Apr),High,USD,%,-19.0,-16.6,-17.2,-0.6,-3.614
2020-05-29 12:30:00,US,Core PCE Price Index YoY (Apr),High,USD,%,1.1,1.7,1.0,-0.7,-41.176
2020-06-05 12:30:00,US,Unemployment Rate (May),High,USD,%,19.8,14.7,13.3,-1.4,-9.524
2020-06-05 12:30:00,US,Non Farm Payrolls (May),High,USD,K,-8000.0,-20687.0,2509.0,23196.0,112.128
2020-06-10 12:30:00,US,Inflation Rate YoY (May),High,USD,%,0.2,0.3,0.1,-0.2,-66.667
2020-06-10 12:30:00,US,Core Inflation Rate YoY (May),High,USD,%,1.3,1.4,1.2,-0.2,-14.286
2020-06-16 12:30:00,US,Retail Sales MoM (May),High,USD,%,8.0,-14.7,17.7,32.4,220.408
2020-06-25 12:30:00,US,Durable Goods Orders MoM (May),High,USD,%,10.9,-18.1,15.8,33.9,187.293
2020-06-25 12:30:00,US,GDP Growth Rate QoQ (Q1),High,USD,%,-5.0,2.1,-5.0,-7.1,-338.095
2020-07-02 12:30:00,US,Non Farm Payrolls (Jun),High,USD,K,3000.0,2699.0,4800.0,2101.0,77.844
2020-07-02 12:30:00,US,Unemployment Rate (Jun),High,USD,%,12.3,13.3,11.1,-2.2,-16.541
2020-07-14 12:30:00,US,Inflation Rate YoY (Jun),High,USD,%,0.6,0.1,0.6,0.5,500.0
2020-07-16 12:30:00,US,Retail Sales MoM (Jun),High,USD,%,5.0,18.2,7.5,-10.7,-58.791
2020-07-27 12:30:00,US,Durable Goods Orders MoM (Jun),High,USD,%,7.0,15.1,7.3,-7.8,-51.656
2020-07-30 12:30:00,US,GDP Growth Rate QoQ Adv (Q2),High,USD,%,-34.1,-5.0,-32.9,-27.9,-558.0
2020-07-31 12:30:00,US,Core PCE Price Index YoY (Jun),High,USD,%,1.0,1.0,0.9,-0.1,-10.0
2020-08-07 12:30:00,US,Non Farm Payrolls (Jul),High,USD,K,1600.0,4800.0,1763.0,-3037.0,-63.271
2020-08-07 12:30:00,US,Unemployment Rate (Jul),High,USD,%,10.5,11.1,10.2,-0.9,-8.108
2020-08-12 12:30:00,US,Core Inflation Rate YoY (Jul),High,USD,%,1.1,1.2,1.6,0.4,33.333
2020-08-12 12:30:00,US,Inflation Rate YoY (Jul),High,USD,%,0.8,0.6,1.0,0.4,66.667
2020-08-14 12:30:00,US,Retail Sales MoM (Jul),High,USD,%,1.9,8.4,1.2,-7.2,-85.714
2020-08-26 12:30:00,US,Durable Goods Orders MoM (Jul),High,USD,%,4.3,7.7,11.2,3.5,45.455
2020-08-27 12:30:00,US,GDP Growth Rate QoQ (Q2),High,USD,%,-32.5,-5.0,-31.7,-26.7,-534.0
2020-08-28 12:30:00,US,Core PCE Price Index YoY (Jul),High,USD,%,1.2,1.1,1.3,0.2,18.182
2020-09-04 12:30:00,US,Unemployment Rate (Aug),High,USD,%,9.8,10.2,8.4,-1.8,-17.647
2020-09-04 12:30:00,US,Non Farm Payrolls (Aug),High,USD,K,1400.0,1734.0,1371.0,-363.0,-20.934
2020-09-11 12:30:00,US,Inflation Rate YoY (Aug),High,USD,%,1.2,1.0,1.3,0.3,30.0
2020-09-11 12:30:00,US,Core Inflation Rate YoY (Aug),High,USD,%,1.6,1.6,1.7,0.1,6.25
2020-09-16 12:30:00,US,Retail Sales MoM (Aug),High,USD,%,1.0,0.9,0.6,-0.3,-33.333
2020-09-25 12:30:00,US,Durable Goods Orders MoM (Aug),High,USD,%,1.5,11.7,0.4,-11.3,-96.581
2020-09-30 12:30:00,US,GDP Growth Rate QoQ (Q2),High,USD,%,-31.7,-5.0,-31.4,-26.4,-528.0
2020-10-01 12:30:00,US,Core PCE Price Index YoY (Aug),High,USD,%,1.4,1.4,1.6,0.2,14.286
2020-10-02 12:30:00,US,Unemployment Rate (Sep),High,USD,%,8.2,8.4,7.9,-0.5,-5.952
2020-10-02 12:30:00,US,Non Farm Payrolls (Sep),High,USD,K,850.0,1489.0,661.0,-828.0,-55.608
2020-10-13 12:30:00,US,Inflation Rate YoY (Sep),High,USD,%,1.4,1.3,1.4,0.1,7.692
2020-10-16 12:30:00,US,Retail Sales MoM (Sep),High,USD,%,0.7,0.6,1.9,1.3,216.667
2020-10-27 12:30:00,US,Durable Goods Orders MoM (Sep),High,USD,%,0.5,0.4,1.9,1.5,375.0
2020-10-29 12:30:00,US,GDP Growth Rate QoQ Adv (Q3),High,USD,%,31.0,-31.4,33.1,64.5,205.414
2020-10-30 12:30:00,US,Core PCE Price Index YoY (Sep),High,USD,%,1.7,1.4,1.5,0.1,7.143
2020-11-06 13:30:00,US,Non Farm Payrolls (Oct),High,USD,K,600.0,672.0,638.0,-34.0,-5.06
2020-11-06 13:30:00,US,Unemployment Rate (Oct),High,USD,%,7.7,7.9,6.9,-1.0,-12.658
2020-11-12 13:30:00,US,Inflation Rate YoY (Oct),High,USD,%,1.3,1.4,1.2,-0.2,-14.286
2020-11-12 13:30:00,US,Core Inflation Rate YoY (Oct),High,USD,%,1.8,1.7,1.6,-0.1,-5.882
2020-11-17 13:30:00,US,Retail Sales MoM (Oct),High,USD,%,0.5,1.6,0.3,-1.3,-81.25
2020-11-25 13:30:00,US,Durable Goods Orders MoM (Oct),High,USD,%,0.9,2.1,1.3,-0.8,-38.095
2020-11-25 13:30:00,US,GDP Growth Rate QoQ (Q3),High,USD,%,33.2,-31.4,33.1,64.5,205.414
2020-11-25 15:00:00,US,Core PCE Price Index YoY (Oct),High,USD,%,1.4,1.6,1.4,-0.2,-12.5
2020-12-04 13:30:00,US,Unemployment Rate (Nov),High,USD,%,6.8,6.9,6.7,-0.2,-2.899
2020-12-04 13:30:00,US,Non Farm Payrolls (Nov),High,USD,K,469.0,610.0,245.0,-365.0,-59.836
2020-12-16 13:30:00,US,Retail Sales MoM (Nov),High,USD,%,-0.3,-0.1,-1.1,-1.0,-1000.0
2020-12-22 13:30:00,US,GDP Growth Rate QoQ (Q3),High,USD,%,33.1,-31.4,33.4,64.8,206.369
2020-12-23 13:30:00,US,Durable Goods Orders MoM (Nov),High,USD,%,0.6,1.8,0.9,-0.9,-50.0
2021-01-08 13:30:00,US,Non Farm Payrolls (Dec),High,USD,K,71.0,336.0,-140.0,-476.0,-141.667
2021-01-13 13:30:00,US,Inflation Rate YoY (Dec),High,USD,%,1.3,1.2,1.4,0.2,16.667
2021-01-27 13:30:00,US,Durable Goods Orders MoM (Dec),High,USD,%,0.9,1.2,0.2,-1.0,-83.333
2021-01-28 13:30:00,US,GDP Growth Rate QoQ Adv (Q4),High,USD,%,4.0,33.4,4.0,-29.4,-88.024
2021-01-29 13:30:00,US,Core PCE Price Index YoY (Dec),High,USD,%,1.3,1.4,1.5,0.1,7.143
2021-02-05 13:30:00,US,Unemployment Rate (Jan),High,USD,%,6.7,6.7,6.3,-0.4,-5.97
2021-02-05 13:30:00,US,Non Farm Payrolls (Jan),High,USD,K,50.0,-227.0,49.0,276.0,121.586
2021-02-10 13:30:00,US,Core Inflation Rate YoY (Jan),High,USD,%,1.5,1.6,1.4,-0.2,-12.5
2021-02-17 13:30:00,US,Retail Sales MoM (Jan),High,USD,%,1.1,-1.0,5.3,6.3,630.0
2021-02-25 13:30:00,US,Durable Goods Orders MoM (Jan),High,USD,%,1.1,1.2,3.4,2.2,183.333
2021-02-25 13:30:00,US,GDP Growth Rate QoQ (Q4),High,USD,%,4.2,33.4,4.1,-29.3,-87.725
2021-02-26 13:30:00,US,Core PCE Price Index YoY (Jan),High,USD,%,1.4,1.4,1.5,0.1,7.143
2021-03-05 13:30:00,US,Unemployment Rate (Feb),High,USD,%,6.3,6.3,6.2,-0.1,-1.587
2021-03-05 13:30:00,US,Non Farm Payrolls (Feb),High,USD,K,182.0,166.0,379.0,213.0,128.313
2021-03-10 13:30:00,US,Inflation Rate YoY (Feb),High,USD,%,1.7,1.4,1.7,0.3,21.429
2021-03-10 13:30:00,US,Core Inflation Rate YoY (Feb),High,USD,%,1.4,1.4,1.3,-0.1,-7.143
2021-03-16 12:30:00,US,Retail Sales MoM (Feb),High,USD,%,-0.5,7.6,-3.0,-10.6,-139.474
2021-03-24 12:30:00,US,Durable Goods Orders MoM (Feb),High,USD,%,0.8,3.5,-1.1,-4.6,-131.429
2021-03-25 12:30:00,US,GDP Growth Rate QoQ (Q4),High,USD,%,4.1,33.4,4.3,-29.1,-87.126
2021-03-26 12:30:00,US,Core PCE Price Index YoY (Feb),High,USD,%,1.5,1.5,1.4,-0.1,-6.667
2021-04-02 12:30:00,US,Unemployment Rate (Mar),High,USD,%,6.0,6.2,6.0,-0.2,-3.226
2021-04-02 12:30:00,US,Non Farm Payrolls (Mar),High,USD,K,647.0,468.0,916.0,448.0,95.726
2021-04-13 12:30:00,US,Core Inflation Rate YoY (Mar),High,USD,%,1.5,1.3,1.6,0.3,23.077
2021-04-13 12:30:00,US,Inflation Rate YoY (Mar),High,USD,%,2.5,1.7,2.6,0.9,52.941
2021-04-15 12:30:00,US,Retail Sales MoM (Mar),High,USD,%,5.9,-2.7,9.8,12.5,462.963
2021-04-26 12:30:00,US,Durable Goods Orders MoM (Mar),High,USD,%,2.5,-0.9,0.5,1.4,155.556
2021-04-29 12:30:00,US,GDP Growth Rate QoQ Adv (Q1),High,USD,%,6.1,4.3,6.4,2.1,48.837
2021-04-30 12:30:00,US,Core PCE Price Index YoY (Mar),High,USD,%,1.8,1.4,1.8,0.4,28.571
2021-05-07 12:30:00,US,Non Farm Payrolls (Apr),High,USD,K,978.0,770.0,266.0,-504.0,-65.455
2021-05-07 12:30:00,US,Unemployment Rate (Apr),High,USD,%,5.8,6.0,6.1,0.1,1.667
2021-05-12 12:30:00,US,Inflation Rate YoY (Apr),High,USD,%,3.6,2.6,4.2,1.6,61.538
2021-05-12 12:30:00,US,Core Inflation Rate YoY (Apr),High,USD,%,2.3,1.6,3.0,1.4,87.5
2021-05-27 12:30:00,US,GDP Growth Rate QoQ (Q1),High,USD,%,6.5,4.3,6.4,2.1,48.837
2021-05-27 12:30:00,US,Durable Goods Orders MoM (Apr),High,USD,%,0.7,1.3,-1.3,-2.6,-200.0
2021-05-28 12:30:00,US,Core PCE Price Index YoY (Apr),High,USD,%,2.9,1.9,3.1,1.2,63.158
2021-06-04 12:30:00,US,Unemployment Rate (May),High,USD,%,5.9,6.1,5.8,-0.3,-4.918
2021-06-04 12:30:00,US,Non Farm Payrolls (May),High,USD,K,650.0,278.0,559.0,281.0,101.079
2021-06-10 12:30:00,US,Core Inflation Rate YoY (May),High,USD,%,3.4,3.0,3.8,0.8,26.667
2021-06-10 12:30:00,US,Inflation Rate YoY (May),High,USD,%,4.7,4.2,5.0,0.8,19.048
2021-06-15 12:30:00,US,Retail Sales MoM (May),High,USD,%,-0.8,0.9,-1.3,-2.2,-244.444
2021-06-24 12:30:00,US,Durable Goods Orders MoM (May),High,USD,%,2.8,-0.8,2.3,3.1,387.5
2021-06-24 12:30:00,US,GDP Growth Rate QoQ (Q1),High,USD,%,6.4,4.3,6.4,2.1,48.837
2021-06-25 12:30:00,US,Core PCE Price Index YoY (May),High,USD,%,3.4,3.1,3.4,0.3,9.677
2021-07-02 12:30:00,US,Unemployment Rate (Jun),High,USD,%,5.7,5.8,5.9,0.1,1.724
2021-07-02 12:30:00,US,Non Farm Payrolls (Jun),High,USD,K,700.0,583.0,850.0,267.0,45.798
2021-07-13 12:30:00,US,Core Inflation Rate YoY (Jun),High,USD,%,4.0,3.8,4.5,0.7,18.421
2021-07-13 12:30:00,US,Inflation Rate YoY (Jun),High,USD,%,4.9,5.0,5.4,0.4,8.0
2021-07-16 12:30:00,US,Retail Sales MoM (Jun),High,USD,%,-0.4,-1.7,0.6,2.3,135.294
2021-07-27 12:30:00,US,Durable Goods Orders MoM (Jun),High,USD,%,2.1,3.2,0.8,-2.4,-75.0
2021-07-29 12:30:00,US,GDP Growth Rate QoQ Adv (Q2),High,USD,%,8.5,6.3,6.5,0.2,3.175
2021-07-30 12:30:00,US,Core PCE Price Index YoY (Jun),High,USD,%,3.7,3.4,3.5,0.1,2.941
2021-08-06 12:30:00,US,Unemployment Rate (Jul),High,USD,%,5.7,5.9,5.4,-0.5,-8.475
2021-08-06 12:30:00,US,Non Farm Payrolls (Jul),High,USD,K,870.0,938.0,943.0,5.0,0.533
2021-08-11 12:30:00,US,Core Inflation Rate YoY (Jul),High,USD,%,4.3,4.5,4.3,-0.2,-4.444
2021-08-17 12:30:00,US,Retail Sales MoM (Jul),High,USD,%,-0.3,0.7,-1.1,-1.8,-257.143
2021-08-25 12:30:00,US,Durable Goods Orders MoM (Jul),High,USD,%,-0.3,0.8,-0.1,-0.9,-112.5
2021-08-26 12:30:00,US,GDP Growth Rate QoQ (Q2),High,USD,%,6.7,6.3,6.6,0.3,4.762
2021-09-03 12:30:00,US,Unemployment Rate (Aug),High,USD,%,5.2,5.4,5.2,-0.2,-3.704
2021-09-03 12:30:00,US,Non Farm Payrolls (Aug),High,USD,K,750.0,1053.0,235.0,-818.0,-77.683
2021-09-14 12:30:00,US,Inflation Rate YoY (Aug),High,USD,%,5.3,5.4,5.3,-0.1,-1.852
2021-09-14 12:30:00,US,Core Inflation Rate YoY (Aug),High,USD,%,4.2,4.3,4.0,-0.3,-6.977
2021-09-16 12:30:00,US,Retail Sales MoM (Aug),High,USD,%,-0.8,-1.8,0.7,2.5,138.889
2021-09-27 12:30:00,US,Durable Goods Orders MoM (Aug),High,USD,%,0.7,0.5,1.8,1.3,260.0
2021-09-30 12:30:00,US,GDP Growth Rate QoQ (Q2),High,USD,%,6.6,6.3,6.7,0.4,6.349
2021-10-08 12:30:00,US,Non Farm Payrolls (Sep),High,USD,K,500.0,366.0,194.0,-172.0,-46.995
2021-10-08 12:30:00,US,Unemployment Rate (Sep),High,USD,%,5.1,5.2,4.8,-0.4,-7.692
2021-10-13 12:30:00,US,Inflation Rate YoY (Sep),High,USD,%,5.3,5.3,5.4,0.1,1.887
2021-10-15 12:30:00,US,Retail Sales MoM (Sep),High,USD,%,-0.2,0.9,0.7,-0.2,-22.222
2021-10-27 12:30:00,US,Durable Goods Orders MoM (Sep),High,USD,%,-1.1,1.3,-0.4,-1.7,-130.769
2021-10-28 12:30:00,US,GDP Growth Rate QoQ Adv (Q3),High,USD,%,2.7,6.7,2.0,-4.7,-70.149
2021-11-05 12:30:00,US,Non Farm Payrolls (Oct),High,USD,K,450.0,312.0,531.0,219.0,70.192
2021-11-05 12:30:00,US,Unemployment Rate (Oct),High,USD,%,4.7,4.8,4.6,-0.2,-4.167
2021-11-09 13:30:00,US,PPI MoM (Oct),High,USD,%,0.6,0.5,0.6,0.1,20.0
2021-11-10 13:30:00,US,Core Inflation Rate YoY (Oct),High,USD,%,4.3,4.0,4.6,0.6,15.0
2021-11-10 13:30:00,US,Inflation Rate YoY (Oct),High,USD,%,5.8,5.4,6.2,0.8,14.815
2021-11-16 13:30:00,US,Retail Sales MoM (Oct),High,USD,%,1.4,0.8,1.7,0.9,112.5
2021-11-24 13:30:00,US,GDP Growth Rate QoQ (Q3),High,USD,%,2.2,6.7,2.1,-4.6,-68.657
2021-11-24 13:30:00,US,Durable Goods Orders MoM (Oct),High,USD,%,0.2,-0.4,-0.5,-0.1,-25.0
2021-11-24 15:00:00,US,Core PCE Price Index YoY (Oct),High,USD,%,4.1,3.7,4.1,0.4,10.811
2021-12-03 13:30:00,US,Unemployment Rate (Nov),High,USD,%,4.5,4.6,4.2,-0.4,-8.696
2021-12-03 13:30:00,US,Non Farm Payrolls (Nov),High,USD,K,550.0,546.0,210.0,-336.0,-61.538
2021-12-10 13:30:00,US,Inflation Rate YoY (Nov),High,USD,%,6.8,6.2,6.8,0.6,9.677
2021-12-10 13:30:00,US,Core Inflation Rate YoY (Nov),High,USD,%,4.9,4.6,4.9,0.3,6.522
2021-12-15 13:30:00,US,Retail Sales MoM (Nov),High,USD,%,0.8,1.8,0.3,-1.5,-83.333
2021-12-22 13:30:00,US,GDP Growth Rate QoQ (Q3),High,USD,%,2.1,6.7,2.3,-4.4,-65.672
2021-12-23 13:30:00,US,Durable Goods Orders MoM (Nov),High,USD,%,1.6,0.1,2.5,2.4,2400.0
2021-12-23 13:30:00,US,Core PCE Price Index YoY (Nov),High,USD,%,4.5,4.2,4.7,0.5,11.905
2022-01-07 13:30:00,US,Unemployment Rate (Dec),High,USD,%,4.1,4.2,3.9,-0.3,-7.143
2022-01-07 13:30:00,US,Non Farm Payrolls (Dec),High,USD,K,400.0,249.0,199.0,-50.0,-20.08
2022-01-12 13:30:00,US,Inflation Rate YoY (Dec),High,USD,%,7.0,6.8,7.0,0.2,2.941
2022-01-12 13:30:00,US,Core Inflation Rate YoY (Dec),High,USD,%,5.4,4.9,5.5,0.6,12.245
2022-01-27 13:30:00,US,GDP Growth Rate QoQ Adv (Q4),High,USD,%,5.5,2.3,6.9,4.6,200.0
2022-01-27 13:30:00,US,Durable Goods Orders MoM (Dec),High,USD,%,-0.5,3.2,-0.9,-4.1,-128.125
2022-01-28 13:30:00,US,Core PCE Price Index YoY (Dec),High,USD,%,4.8,4.7,4.9,0.2,4.255
2022-02-04 13:30:00,US,Non Farm Payrolls (Jan),High,USD,K,150.0,510.0,467.0,-43.0,-8.431
2022-02-04 13:30:00,US,Unemployment Rate (Jan),High,USD,%,3.9,3.9,4.0,0.1,2.564
2022-02-10 13:30:00,US,Core Inflation Rate YoY (Jan),High,USD,%,5.9,5.5,6.0,0.5,9.091
2022-02-10 13:30:00,US,Inflation Rate YoY (Jan),High,USD,%,7.3,7.0,7.5,0.5,7.143
2022-02-16 13:30:00,US,Retail Sales MoM (Jan),High,USD,%,2.0,-2.5,3.8,6.3,252.0
2022-02-24 13:30:00,US,GDP Growth Rate QoQ (Q4),High,USD,%,7.0,2.3,7.0,4.7,204.348
2022-02-25 13:30:00,US,Core PCE Price Index YoY (Jan),High,USD,%,5.1,4.9,5.2,0.3,6.122
2022-02-25 13:30:00,US,Durable Goods Orders MoM (Jan),High,USD,%,0.8,1.2,1.6,0.4,33.333
2022-03-04 13:30:00,US,Unemployment Rate (Feb),High,USD,%,3.9,4.0,3.8,-0.2,-5.0
2022-03-04 13:30:00,US,Non Farm Payrolls (Feb),High,USD,K,400.0,481.0,678.0,197.0,40.956
2022-03-10 13:30:00,US,Inflation Rate YoY (Feb),High,USD,%,7.9,7.5,7.9,0.4,5.333
2022-03-10 13:30:00,US,Core Inflation Rate YoY (Feb),High,USD,%,6.4,6.0,6.4,0.4,6.667
2022-03-15 12:30:00,US,PPI MoM (Feb),High,USD,%,0.9,1.2,0.8,-0.4,-33.333
2022-03-16 12:30:00,US,Retail Sales MoM (Feb),High,USD,%,0.4,4.9,0.3,-4.6,-93.878
2022-03-24 12:30:00,US,Durable Goods Orders MoM (Feb),High,USD,%,-0.5,1.6,-2.2,-3.8,-237.5
2022-03-30 12:30:00,US,GDP Growth Rate QoQ (Q4),High,USD,%,7.1,2.3,6.9,4.6,200.0
2022-03-31 12:30:00,US,Core PCE Price Index YoY (Feb),High,USD,%,5.5,5.2,5.4,0.2,3.846
2022-04-01 12:30:00,US,Non Farm Payrolls (Mar),High,USD,K,490.0,750.0,431.0,-319.0,-42.533
2022-04-01 12:30:00,US,Unemployment Rate (Mar),High,USD,%,3.7,3.8,3.6,-0.2,-5.263
2022-04-12 12:30:00,US,Core Inflation Rate YoY (Mar),High,USD,%,6.6,6.4,6.5,0.1,1.563
2022-04-12 12:30:00,US,Inflation Rate YoY (Mar),High,USD,%,8.4,7.9,8.5,0.6,7.595
2022-04-13 12:30:00,US,PPI MoM (Mar),High,USD,%,1.1,0.9,1.4,0.5,55.556
2022-04-14 12:30:00,US,Retail Sales MoM (Mar),High,USD,%,0.6,0.8,0.5,-0.3,-37.5
2022-04-26 12:30:00,US,Durable Goods Orders MoM (Mar),High,USD,%,1.0,-1.7,0.8,2.5,147.059
2022-04-28 12:30:00,US,GDP Growth Rate QoQ Adv (Q1),High,USD,%,1.1,6.9,-1.4,-8.3,-120.29
2022-04-29 12:30:00,US,Core PCE Price Index YoY (Mar),High,USD,%,5.3,5.3,5.2,-0.1,-1.887
2022-05-11 12:30:00,US,Inflation Rate YoY (Apr),High,USD,%,8.1,8.5,8.3,-0.2,-2.353
2022-05-11 12:30:00,US,Core Inflation Rate YoY (Apr),High,USD,%,6.0,6.5,6.2,-0.3,-4.615
2022-05-12 12:30:00,US,PPI MoM (Apr),High,USD,%,0.5,1.6,0.5,-1.1,-68.75
2022-05-17 12:30:00,US,Retail Sales MoM (Apr),High,USD,%,0.9,1.4,0.9,-0.5,-35.714
2022-05-25 12:30:00,US,Durable Goods Orders MoM (Apr),High,USD,%,0.6,0.6,0.4,-0.2,-33.333
2022-05-26 12:30:00,US,GDP Growth Rate QoQ (Q1),High,USD,%,-1.3,6.9,-1.5,-8.4,-121.739
2022-05-27 12:30:00,US,Core PCE Price Index YoY (Apr),High,USD,%,4.9,5.2,4.9,-0.3,-5.769
2022-06-03 12:30:00,US,Non Farm Payrolls (May),High,USD,K,325.0,436.0,390.0,-46.0,-10.55
2022-06-10 12:30:00,US,Inflation Rate YoY (May),High,USD,%,8.3,8.3,8.6,0.3,3.614
2022-06-10 12:30:00,US,Core Inflation Rate YoY (May),High,USD,%,5.9,6.2,6.0,-0.2,-3.226
2022-06-14 12:30:00,US,PPI MoM (May),High,USD,%,0.8,0.4,0.8,0.4,100.0
2022-06-15 12:30:00,US,Retail Sales MoM (May),High,USD,%,0.2,0.7,-0.3,-1.0,-142.857
2022-06-27 12:30:00,US,Durable Goods Orders MoM (May),High,USD,%,0.1,0.4,0.7,0.3,75.0
2022-06-29 12:30:00,US,GDP Growth Rate QoQ (Q1),High,USD,%,-1.5,6.9,-1.6,-8.5,-123.188
2022-06-30 12:30:00,US,Core PCE Price Index YoY (May),High,USD,%,4.8,4.9,4.7,-0.2,-4.082
2022-07-08 12:30:00,US,Non Farm Payrolls (Jun),High,USD,K,268.0,384.0,372.0,-12.0,-3.125
2022-07-13 12:30:00,US,Core Inflation Rate YoY (Jun),High,USD,%,5.7,6.0,5.9,-0.1,-1.667
2022-07-13 12:30:00,US,Inflation Rate YoY (Jun),High,USD,%,8.8,8.6,9.1,0.5,5.814
2022-07-14 12:30:00,US,PPI MoM (Jun),High,USD,%,0.8,0.9,1.1,0.2,22.222
2022-07-15 12:30:00,US,Retail Sales MoM (Jun),High,USD,%,0.8,-0.1,1.0,1.1,1100.0
2022-07-27 12:30:00,US,Durable Goods Orders MoM (Jun),High,USD,%,-0.5,0.8,1.9,1.1,137.5
2022-07-28 12:30:00,US,GDP Growth Rate QoQ Adv (Q2),High,USD,%,0.5,-1.6,-0.9,0.7,43.75
2022-07-29 12:30:00,US,Core PCE Price Index YoY (Jun),High,USD,%,4.7,4.7,4.8,0.1,2.128
2022-08-05 12:30:00,US,Non Farm Payrolls (Jul),High,USD,K,250.0,398.0,528.0,130.0,32.663
2022-08-05 12:30:00,US,Unemployment Rate (Jul),High,USD,%,3.6,3.6,3.5,-0.1,-2.778
2022-08-10 12:30:00,US,Inflation Rate YoY (Jul),High,USD,%,8.7,9.1,8.5,-0.6,-6.593
2022-08-11 12:30:00,US,PPI MoM (Jul),High,USD,%,0.2,1.0,-0.5,-1.5,-150.0
2022-08-25 12:30:00,US,GDP Growth Rate QoQ (Q2),High,USD,%,-0.8,-1.6,-0.6,1.0,62.5
2022-08-26 12:30:00,US,Core PCE Price Index YoY (Jul),High,USD,%,4.7,4.8,4.6,-0.2,-4.167
2022-09-02 12:30:00,US,Non Farm Payrolls (Aug),High,USD,K,300.0,526.0,315.0,-211.0,-40.114
2022-09-02 12:30:00,US,Unemployment Rate (Aug),High,USD,%,3.5,3.5,3.7,0.2,5.714
2022-09-13 12:30:00,US,Inflation Rate YoY (Aug),High,USD,%,8.1,8.5,8.3,-0.2,-2.353
2022-09-13 12:30:00,US,Core Inflation Rate YoY (Aug),High,USD,%,6.1,5.9,6.3,0.4,6.78
2022-09-14 12:30:00,US,PPI MoM (Aug),High,USD,%,-0.1,-0.4,-0.1,0.3,75.0
2022-09-27 12:30:00,US,Durable Goods Orders MoM (Aug),High,USD,%,-0.4,-0.1,-0.2,-0.1,-100.0
2022-09-29 12:30:00,US,GDP Growth Rate QoQ (Q2),High,USD,%,-0.6,-1.6,-0.6,1.0,62.5
2022-09-30 12:30:00,US,Core PCE Price Index YoY (Aug),High,USD,%,4.7,4.7,4.9,0.2,4.255
2022-10-07 12:30:00,US,Non Farm Payrolls (Sep),High,USD,K,250.0,315.0,263.0,-52.0,-16.508
2022-10-07 12:30:00,US,Unemployment Rate (Sep),High,USD,%,3.7,3.7,3.5,-0.2,-5.405
2022-10-12 12:30:00,US,PPI MoM (Sep),High,USD,%,0.2,-0.2,0.4,0.6,300.0
2022-10-13 12:30:00,US,Inflation Rate YoY (Sep),High,USD,%,8.1,8.3,8.2,-0.1,-1.205
2022-10-13 12:30:00,US,Core Inflation Rate YoY (Sep),High,USD,%,6.5,6.3,6.6,0.3,4.762
2022-10-27 12:30:00,US,Durable Goods Orders MoM (Sep),High,USD,%,0.6,0.2,0.4,0.2,100.0
2022-10-27 12:30:00,US,GDP Growth Rate QoQ Adv (Q3),High,USD,%,2.4,-0.6,2.6,3.2,533.333
2022-10-28 12:30:00,US,Core PCE Price Index YoY (Sep),High,USD,%,5.2,4.9,5.1,0.2,4.082
2022-11-04 12:30:00,US,Non Farm Payrolls (Oct),High,USD,K,200.0,315.0,261.0,-54.0,-17.143
2022-11-04 12:30:00,US,Unemployment Rate (Oct),High,USD,%,3.6,3.5,3.7,0.2,5.714
2022-11-10 13:30:00,US,Core Inflation Rate YoY (Oct),High,USD,%,6.5,6.6,6.3,-0.3,-4.545
2022-11-10 13:30:00,US,Inflation Rate YoY (Oct),High,USD,%,8.0,8.2,7.7,-0.5,-6.098
2022-11-23 13:30:00,US,Durable Goods Orders MoM (Oct),High,USD,%,0.4,0.3,1.0,0.7,233.333
2022-11-30 13:30:00,US,GDP Growth Rate QoQ (Q3),High,USD,%,2.7,-0.6,2.9,3.5,583.333
2022-12-01 13:30:00,US,Core PCE Price Index YoY (Oct),High,USD,%,5.0,5.2,5.0,-0.2,-3.846
2022-12-02 13:30:00,US,Non Farm Payrolls (Nov),High,USD,K,200.0,284.0,263.0,-21.0,-7.394
2022-12-13 13:30:00,US,Core Inflation Rate YoY (Nov),High,USD,%,6.1,6.3,6.0,-0.3,-4.762
2022-12-13 13:30:00,US,Inflation Rate YoY (Nov),High,USD,%,7.3,7.7,7.1,-0.6,-7.792
2022-12-14 19:00:00,US,Fed Interest Rate Decision,High,USD,%,4.5,4.0,4.5,0.5,12.5
2022-12-15 13:30:00,US,Retail Sales MoM (Nov),High,USD,%,-0.1,1.3,-0.6,-1.9,-146.154
2022-12-20 13:30:00,US,Building Permits (Nov),High,USD,M,1.485,1.512,1.342,-0.17,-11.243
2022-12-22 13:30:00,US,GDP Growth Rate QoQ (Q3),High,USD,%,2.9,-0.6,3.2,3.8,633.333
2022-12-23 13:30:00,US,Durable Goods Orders MoM (Nov),High,USD,%,-0.6,0.7,-2.1,-2.8,-400.0
2022-12-23 13:30:00,US,Core PCE Price Index YoY (Nov),High,USD,%,4.7,5.0,4.7,-0.3,-6.0
2023-01-06 13:30:00,US,Non Farm Payrolls (Dec),High,USD,K,200.0,256.0,223.0,-33.0,-12.891
2023-01-06 13:30:00,US,Unemployment Rate (Dec),High,USD,%,3.7,3.6,3.5,-0.1,-2.778
2023-01-12 13:30:00,US,Inflation Rate YoY (Dec),High,USD,%,6.5,7.1,6.5,-0.6,-8.451
2023-01-12 13:30:00,US,Core Inflation Rate YoY (Dec),High,USD,%,5.7,6.0,5.7,-0.3,-5.0
2023-01-18 13:30:00,US,Retail Sales MoM (Dec),High,USD,%,-0.8,-1.0,-1.1,-0.1,-10.0
2023-01-18 13:30:00,US,PPI MoM (Dec),High,USD,%,-0.1,0.2,-0.5,-0.7,-350.0
2023-01-19 13:30:00,US,Building Permits (Dec),High,USD,M,1.37,1.351,1.33,-0.021,-1.554
2023-01-26 13:30:00,US,Durable Goods Orders MoM (Dec),High,USD,%,2.5,-1.7,5.6,7.3,429.412
2023-01-26 13:30:00,US,GDP Growth Rate QoQ Adv (Q4),High,USD,%,2.6,3.2,2.9,-0.3,-9.375
2023-01-27 13:30:00,US,Core PCE Price Index YoY (Dec),High,USD,%,4.4,4.7,4.4,-0.3,-6.383
2023-02-01 19:00:00,US,Fed Interest Rate Decision,High,USD,%,4.75,4.5,4.75,0.25,5.556
2023-02-03 13:30:00,US,Unemployment Rate (Jan),High,USD,%,3.6,3.5,3.4,-0.1,-2.857
2023-02-03 13:30:00,US,Non Farm Payrolls (Jan),High,USD,K,185.0,260.0,517.0,257.0,98.846
2023-02-14 13:30:00,US,Inflation Rate YoY (Jan),High,USD,%,6.2,6.5,6.4,-0.1,-1.538
2023-02-14 13:30:00,US,Core Inflation Rate YoY (Jan),High,USD,%,5.5,5.7,5.6,-0.1,-1.754
2023-02-15 13:30:00,US,Retail Sales MoM (Jan),High,USD,%,1.8,-1.1,3.0,4.1,372.727
2023-02-16 13:30:00,US,PPI MoM (Jan),High,USD,%,0.4,-0.2,0.7,0.9,450.0
2023-02-16 13:30:00,US,Building Permits (Jan),High,USD,M,1.35,1.337,1.339,0.002,0.15
2023-02-23 13:30:00,US,GDP Growth Rate QoQ (Q4),High,USD,%,2.9,3.2,2.7,-0.5,-15.625
2023-02-24 13:30:00,US,Core PCE Price Index YoY (Jan),High,USD,%,4.3,4.6,4.7,0.1,2.174
2023-02-27 13:30:00,US,Durable Goods Orders MoM (Jan),High,USD,%,-4.0,5.1,-4.5,-9.6,-188.235
2023-03-10 13:30:00,US,Unemployment Rate (Feb),High,USD,%,3.4,3.4,3.6,0.2,5.882
2023-03-10 13:30:00,US,Non Farm Payrolls (Feb),High,USD,K,205.0,504.0,311.0,-193.0,-38.294
2023-03-14 12:30:00,US,Core Inflation Rate YoY (Feb),High,USD,%,5.5,5.6,5.5,-0.1,-1.786
2023-03-14 12:30:00,US,Inflation Rate YoY (Feb),High,USD,%,6.0,6.4,6.0,-0.4,-6.25
2023-03-15 12:30:00,US,PPI MoM (Feb),High,USD,%,0.3,0.3,-0.1,-0.4,-133.333
2023-03-15 12:30:00,US,Retail Sales MoM (Feb),High,USD,%,-0.3,3.2,-0.4,-3.6,-112.5
2023-03-16 12:30:00,US,Building Permits (Feb),High,USD,M,1.34,1.339,1.524,0.185,13.816
2023-03-22 18:00:00,US,Fed Interest Rate Decision,High,USD,%,5.0,4.75,5.0,0.25,5.263
2023-03-24 12:30:00,US,Durable Goods Orders MoM (Feb),High,USD,%,0.6,-5.0,-1.0,4.0,80.0
2023-03-30 12:30:00,US,GDP Growth Rate QoQ (Q4),High,USD,%,2.7,3.2,2.6,-0.6,-18.75
2023-03-31 12:30:00,US,Core PCE Price Index YoY (Feb),High,USD,%,4.7,4.7,4.6,-0.1,-2.128
2023-04-07 12:30:00,US,Non Farm Payrolls (Mar),High,USD,K,239.0,326.0,236.0,-90.0,-27.607
2023-04-07 12:30:00,US,Unemployment Rate (Mar),High,USD,%,3.6,3.6,3.5,-0.1,-2.778
2023-04-12 12:30:00,US,Core Inflation Rate YoY (Mar),High,USD,%,5.6,5.5,5.6,0.1,1.818
2023-04-12 12:30:00,US,Inflation Rate YoY (Mar),High,USD,%,5.2,6.0,5.0,-1.0,-16.667
2023-04-14 12:30:00,US,Retail Sales MoM (Mar),High,USD,%,-0.4,-0.2,-1.0,-0.8,-400.0
2023-04-18 12:30:00,US,Building Permits (Mar),High,USD,M,1.45,1.55,1.413,-0.137,-8.839
2023-04-26 12:30:00,US,Durable Goods Orders MoM (Mar),High,USD,%,0.7,-1.2,3.2,4.4,366.667
2023-04-27 12:30:00,US,GDP Growth Rate QoQ Adv (Q1),High,USD,%,2.0,2.6,1.1,-1.5,-57.692
2023-04-28 12:30:00,US,Core PCE Price Index YoY (Mar),High,USD,%,4.5,4.7,4.6,-0.1,-2.128
2023-05-03 18:00:00,US,Fed Interest Rate Decision,High,USD,%,5.25,5.0,5.25,0.25,5.0
2023-05-05 12:30:00,US,Non Farm Payrolls (Apr),High,USD,K,180.0,165.0,253.0,88.0,53.333
2023-05-05 12:30:00,US,Unemployment Rate (Apr),High,USD,%,3.6,3.5,3.4,-0.1,-2.857
2023-05-10 12:30:00,US,Inflation Rate YoY (Apr),High,USD,%,5.0,5.0,4.9,-0.1,-2.0
2023-05-10 12:30:00,US,Core Inflation Rate YoY (Apr),High,USD,%,5.5,5.6,5.5,-0.1,-1.786
2023-05-11 12:30:00,US,PPI MoM (Apr),High,USD,%,0.3,-0.4,0.2,0.6,150.0
2023-05-16 12:30:00,US,Retail Sales MoM (Apr),High,USD,%,0.8,-0.7,0.4,1.1,157.143
2023-05-17 12:30:00,US,Building Permits (Apr),High,USD,M,1.437,1.437,1.416,-0.021,-1.461
2023-05-25 12:30:00,US,GDP Growth Rate QoQ (Q1),High,USD,%,1.1,2.6,1.3,-1.3,-50.0
2023-05-26 12:30:00,US,Durable Goods Orders MoM (Apr),High,USD,%,-1.0,3.3,1.1,-2.2,-66.667
2023-05-26 12:30:00,US,Core PCE Price Index YoY (Apr),High,USD,%,4.6,4.6,4.7,0.1,2.174
2023-06-02 12:30:00,US,Unemployment Rate (May),High,USD,%,3.5,3.4,3.7,0.3,8.824
2023-06-02 12:30:00,US,Non Farm Payrolls (May),High,USD,K,190.0,294.0,339.0,45.0,15.306
2023-06-13 12:30:00,US,Inflation Rate YoY (May),High,USD,%,4.1,4.9,4.0,-0.9,-18.367
2023-06-13 12:30:00,US,Core Inflation Rate YoY (May),High,USD,%,5.3,5.5,5.3,-0.2,-3.636
2023-06-14 12:30:00,US,PPI MoM (May),High,USD,%,-0.1,0.2,-0.3,-0.5,-250.0
2023-06-15 12:30:00,US,Retail Sales MoM (May),High,USD,%,-0.1,0.4,0.3,-0.1,-25.0
2023-06-20 12:30:00,US,Building Permits (May),High,USD,M,1.42,1.417,1.491,0.074,5.222
2023-06-27 12:30:00,US,Durable Goods Orders MoM (May),High,USD,%,-1.0,1.2,1.7,0.5,41.667
2023-06-29 12:30:00,US,GDP Growth Rate QoQ (Q1),High,USD,%,1.4,2.6,2.0,-0.6,-23.077
2023-06-30 12:30:00,US,Core PCE Price Index YoY (May),High,USD,%,4.7,4.7,4.6,-0.1,-2.128
2023-07-07 12:30:00,US,Unemployment Rate (Jun),High,USD,%,3.6,3.7,3.6,-0.1,-2.703
2023-07-07 12:30:00,US,Non Farm Payrolls (Jun),High,USD,K,225.0,306.0,209.0,-97.0,-31.699
2023-07-12 12:30:00,US,Core Inflation Rate YoY (Jun),High,USD,%,5.0,5.3,4.8,-0.5,-9.434
2023-07-12 12:30:00,US,Inflation Rate YoY (Jun),High,USD,%,3.1,4.0,3.0,-1.0,-25.0
2023-07-13 12:30:00,US,PPI MoM (Jun),High,USD,%,0.2,-0.4,0.1,0.5,125.0
2023-07-18 12:30:00,US,Retail Sales MoM (Jun),High,USD,%,0.5,0.5,0.2,-0.3,-60.0
2023-07-19 12:30:00,US,Building Permits (Jun),High,USD,M,1.49,1.496,1.44,-0.056,-3.743
2023-07-26 18:00:00,US,Fed Interest Rate Decision,High,USD,%,5.5,5.25,5.5,0.25,4.762
2023-07-27 12:00:00,US,GDP Growth Rate QoQ (Q2),High,USD,%,1.8,2.0,2.4,0.4,20.0
2023-07-27 12:00:00,US,Goods Trade Balance (Jun),High,USD,B,-92.0,-91.86,-87.84,4.02,4.376
2023-07-27 12:30:00,US,GDP Growth Rate QoQ Adv (Q2),High,USD,%,1.8,2.0,2.4,0.4,20.0
2023-07-27 12:30:00,US,Durable Goods Orders MoM (Jun),High,USD,%,1.0,2.0,4.7,2.7,135.0
2023-07-28 12:30:00,US,PCE Price Index YoY (Jun),High,USD,%,3.0,3.8,3.0,-0.8,-21.053
2023-07-28 12:30:00,US,Core PCE Price Index YoY (Jun),High,USD,%,4.2,4.6,4.1,-0.5,-10.87
2023-08-04 12:30:00,US,Unemployment Rate (Jul),High,USD,%,3.6,3.6,3.5,-0.1,-2.778
2023-08-04 12:30:00,US,Non Farm Payrolls (Jul),High,USD,K,200.0,185.0,187.0,2.0,1.081
2023-08-10 12:30:00,US,Core Inflation Rate YoY (Jul),High,USD,%,4.8,4.8,4.7,-0.1,-2.083
2023-08-10 12:30:00,US,Inflation Rate YoY (Jul),High,USD,%,3.3,3.0,3.2,0.2,6.667
2023-08-15 12:30:00,US,Retail Sales MoM (Jul),High,USD,%,0.4,0.3,0.7,0.4,133.333
2023-08-16 12:30:00,US,Building Permits (Jul),High,USD,M,1.463,1.441,1.442,0.001,0.069
2023-08-24 12:30:00,US,Durable Goods Orders MoM (Jul),High,USD,%,-4.0,4.4,-5.2,-9.6,-218.182
2023-08-30 12:30:00,US,GDP Growth Rate QoQ (Q2),High,USD,%,2.4,2.0,2.1,0.1,5.0
2023-08-30 12:30:00,US,Goods Trade Balance (Jul),High,USD,B,-94.0,-88.83,-91.18,-2.35,-2.646
2023-08-31 12:30:00,US,Personal Income MoM (Jul),High,USD,%,0.3,0.3,0.2,-0.1,-33.333
2023-08-31 12:30:00,US,Core PCE Price Index YoY (Jul),High,USD,%,4.2,4.1,4.2,0.1,2.439
2023-08-31 12:30:00,US,PCE Price Index YoY (Jul),High,USD,%,3.3,3.0,3.3,0.3,10.0
2023-09-01 12:30:00,US,Unemployment Rate (Aug),High,USD,%,3.5,3.5,3.8,0.3,8.571
2023-09-01 12:30:00,US,Non Farm Payrolls (Aug),High,USD,K,170.0,157.0,187.0,30.0,19.108
2023-09-13 12:30:00,US,Inflation Rate YoY (Aug),High,USD,%,3.6,3.2,3.7,0.5,15.625
2023-09-13 12:30:00,US,Core Inflation Rate YoY (Aug),High,USD,%,4.3,4.7,4.3,-0.4,-8.511
2023-09-14 12:30:00,US,Retail Sales MoM (Aug),High,USD,%,0.2,0.5,0.6,0.1,20.0
2023-09-14 12:30:00,US,PPI MoM (Aug),High,USD,%,0.4,0.4,0.7,0.3,75.0
2023-09-19 12:30:00,US,Building Permits (Aug),High,USD,M,1.443,1.443,1.543,0.1,6.93
2023-09-27 12:30:00,US,Durable Goods Orders MoM (Aug),High,USD,%,-0.5,-5.6,0.2,5.8,103.571
2023-09-28 12:30:00,US,GDP Growth Rate QoQ (Q2),High,USD,%,2.1,2.2,2.1,-0.1,-4.545
2023-09-29 12:30:00,US,Goods Trade Balance (Aug),High,USD,B,-95.0,-90.92,-84.27,6.65,7.314
2023-09-29 12:30:00,US,Personal Income MoM (Aug),High,USD,%,0.4,0.2,0.4,0.2,100.0
2023-09-29 12:30:00,US,Core PCE Price Index YoY (Aug),High,USD,%,3.9,4.3,3.9,-0.4,-9.302
2023-09-29 12:30:00,US,PCE Price Index YoY (Aug),High,USD,%,3.5,3.4,3.5,0.1,2.941
2023-10-06 12:30:00,US,Non Farm Payrolls (Sep),High,USD,K,170.0,227.0,336.0,109.0,48.018
2023-10-11 12:30:00,US,PPI MoM (Sep),High,USD,%,0.3,0.7,0.5,-0.2,-28.571
2023-10-12 12:30:00,US,Core Inflation Rate YoY (Sep),High,USD,%,4.1,4.3,4.1,-0.2,-4.651
2023-10-17 12:30:00,US,Retail Sales MoM (Sep),High,USD,%,0.3,0.8,0.7,-0.1,-12.5
2023-10-18 12:30:00,US,Building Permits (Sep),High,USD,M,1.45,1.541,1.473,-0.068,-4.413
2023-10-26 12:30:00,US,Durable Goods Orders MoM (Sep),High,USD,%,1.7,-0.1,4.7,4.8,4800.0
2023-10-26 12:30:00,US,GDP Growth Rate QoQ Adv (Q3),High,USD,%,4.3,2.1,4.9,2.8,133.333
2023-10-27 12:30:00,US,Core PCE Price Index YoY (Sep),High,USD,%,3.7,3.8,3.7,-0.1,-2.632
2023-11-03 12:30:00,US,Non Farm Payrolls (Oct),High,USD,K,180.0,297.0,150.0,-147.0,-49.495
2023-11-03 12:30:00,US,Unemployment Rate (Oct),High,USD,%,3.8,3.8,3.9,0.1,2.632
2023-11-14 13:30:00,US,Core Inflation Rate YoY (Oct),High,USD,%,4.1,4.1,4.0,-0.1,-2.439
2023-11-14 13:30:00,US,Inflation Rate YoY (Oct),High,USD,%,3.3,3.7,3.2,-0.5,-13.514
2023-11-15 13:30:00,US,PPI MoM (Oct),High,USD,%,0.1,0.4,-0.5,-0.9,-225.0
2023-11-15 13:30:00,US,Retail Sales MoM (Oct),High,USD,%,-0.3,0.9,-0.1,-1.0,-111.111
2023-11-17 13:30:00,US,Building Permits (Oct),High,USD,M,1.45,1.471,1.487,0.016,1.088
2023-11-22 13:30:00,US,Durable Goods Orders MoM (Oct),High,USD,%,-3.1,4.0,-5.4,-9.4,-235.0
2023-11-29 13:30:00,US,GDP Growth Rate QoQ (Q3),High,USD,%,5.0,2.1,5.2,3.1,147.619
2023-11-29 13:30:00,US,Goods Trade Balance (Oct),High,USD,B,-92.0,-86.84,-89.84,-3.0,-3.455
2023-11-30 13:30:00,US,Core PCE Price Index YoY (Oct),High,USD,%,3.5,3.7,3.5,-0.2,-5.405
2023-11-30 13:30:00,US,PCE Price Index YoY (Oct),High,USD,%,3.0,3.4,3.0,-0.4,-11.765
2023-11-30 13:30:00,US,Personal Income MoM (Oct),High,USD,%,0.2,0.4,0.2,-0.2,-50.0
2023-12-08 13:30:00,US,Non Farm Payrolls (Nov),High,USD,K,180.0,150.0,199.0,49.0,32.667
2023-12-08 13:30:00,US,Unemployment Rate (Nov),High,USD,%,3.9,3.9,3.7,-0.2,-5.128
2023-12-12 13:30:00,US,Inflation Rate YoY (Nov),High,USD,%,3.1,3.2,3.1,-0.1,-3.125
2023-12-14 13:30:00,US,Retail Sales MoM (Nov),High,USD,%,-0.1,-0.2,0.3,0.5,250.0
2023-12-19 13:30:00,US,Building Permits (Nov),High,USD,M,1.47,1.498,1.46,-0.038,-2.537
2023-12-21 13:30:00,US,GDP Growth Rate QoQ (Q3),High,USD,%,5.2,2.1,4.9,2.8,133.333
2023-12-22 13:30:00,US,PCE Price Index YoY (Nov),High,USD,%,2.8,2.9,2.6,-0.3,-10.345
2023-12-22 13:30:00,US,Core PCE Price Index YoY (Nov),High,USD,%,3.3,3.4,3.2,-0.2,-5.882
2023-12-22 13:30:00,US,Personal Income MoM (Nov),High,USD,%,0.4,0.3,0.4,0.1,33.333
2023-12-22 13:30:00,US,Durable Goods Orders MoM (Nov),High,USD,%,2.2,-5.1,5.4,10.5,205.882
2023-12-28 13:30:00,US,Goods Trade Balance (Nov),High,USD,B,-90.0,-89.56,-90.27,-0.71,-0.793
2024-01-05 13:30:00,US,Non Farm Payrolls (Dec),High,USD,K,170.0,173.0,216.0,43.0,24.855
2024-01-11 13:30:00,US,Core Inflation Rate YoY (Dec),High,USD,%,3.8,4.0,3.9,-0.1,-2.5
2024-01-11 13:30:00,US,Inflation Rate YoY (Dec),High,USD,%,3.2,3.1,3.4,0.3,9.677
2024-01-17 13:30:00,US,Retail Sales MoM (Dec),High,USD,%,0.4,0.3,0.6,0.3,100.0
2024-01-18 13:30:00,US,Building Permits (Dec),High,USD,M,1.48,1.467,1.495,0.028,1.909
2024-01-25 13:30:00,US,Goods Trade Balance (Dec),High,USD,B,-88.0,-89.33,-88.46,0.87,0.974
2024-01-25 13:30:00,US,GDP Growth Rate QoQ (Q4),High,USD,%,2.0,4.9,3.3,-1.6,-32.653
2024-01-25 13:30:00,US,GDP Growth Rate QoQ Adv (Q4),High,USD,%,2.0,4.9,3.3,-1.6,-32.653
2024-01-26 13:30:00,US,Personal Income MoM (Dec),High,USD,%,0.3,0.4,0.3,-0.1,-25.0
2024-01-26 13:30:00,US,Core PCE Price Index YoY (Dec),High,USD,%,3.0,3.2,2.9,-0.3,-9.375
2024-02-02 13:30:00,US,Non Farm Payrolls (Jan),High,USD,K,180.0,333.0,353.0,20.0,6.006
2024-02-13 13:30:00,US,Inflation Rate YoY (Jan),High,USD,%,2.9,3.4,3.1,-0.3,-8.824
2024-02-15 13:30:00,US,Retail Sales MoM (Jan),High,USD,%,-0.1,0.4,-0.8,-1.2,-300.0
2024-02-16 13:30:00,US,Building Permits (Jan),High,USD,M,1.509,1.493,1.47,-0.023,-1.541
2024-02-16 13:30:00,US,PPI MoM (Jan),High,USD,%,0.1,-0.1,0.3,0.4,400.0
2024-02-27 13:30:00,US,Durable Goods Orders MoM (Jan),High,USD,%,-4.5,-0.3,-6.1,-5.8,-1933.333
2024-02-28 13:30:00,US,GDP Growth Rate QoQ (Q4),High,USD,%,3.3,4.9,3.2,-1.7,-34.694
2024-02-28 13:30:00,US,Goods Trade Balance (Jan),High,USD,B,-87.1,-87.89,-90.2,-2.31,-2.628
2024-02-29 13:30:00,US,PCE Price Index YoY (Jan),High,USD,%,2.4,2.6,2.4,-0.2,-7.692
2024-02-29 13:30:00,US,Personal Income MoM (Jan),High,USD,%,0.4,0.3,1.0,0.7,233.333
2024-02-29 13:30:00,US,Core PCE Price Index YoY (Jan),High,USD,%,2.8,2.9,2.8,-0.1,-3.448
2024-03-08 13:30:00,US,Unemployment Rate (Feb),High,USD,%,3.7,3.7,3.9,0.2,5.405
2024-03-08 13:30:00,US,Non Farm Payrolls (Feb),High,USD,K,200.0,229.0,275.0,46.0,20.087
2024-03-12 12:30:00,US,Inflation Rate YoY (Feb),High,USD,%,3.1,3.1,3.2,0.1,3.226
2024-03-12 12:30:00,US,Core Inflation Rate YoY (Feb),High,USD,%,3.7,3.9,3.8,-0.1,-2.564
2024-03-14 12:30:00,US,Retail Sales MoM (Feb),High,USD,%,0.8,-1.1,0.6,1.7,154.545
2024-03-14 12:30:00,US,PPI MoM (Feb),High,USD,%,0.3,0.3,0.6,0.3,100.0
2024-03-19 12:30:00,US,Building Permits (Feb),High,USD,M,1.495,1.489,1.518,0.029,1.948
2024-03-26 12:30:00,US,Durable Goods Orders MoM (Feb),High,USD,%,1.1,-6.9,1.4,8.3,120.29
2024-03-28 12:30:00,US,GDP Growth Rate QoQ (Q4),High,USD,%,3.2,4.9,3.4,-1.5,-30.612
2024-03-29 12:30:00,US,Personal Income MoM (Feb),High,USD,%,0.4,1.0,0.3,-0.7,-70.0
2024-03-29 12:30:00,US,Core PCE Price Index YoY (Feb),High,USD,%,2.8,2.9,2.8,-0.1,-3.448
2024-03-29 12:30:00,US,PCE Price Index YoY (Feb),High,USD,%,2.5,2.4,2.5,0.1,4.167
2024-03-29 12:30:00,US,Goods Trade Balance (Feb),High,USD,B,-88.0,-90.51,-91.84,-1.33,-1.469
2024-04-05 12:30:00,US,Unemployment Rate (Mar),High,USD,%,3.9,3.9,3.8,-0.1,-2.564
2024-04-05 12:30:00,US,Non Farm Payrolls (Mar),High,USD,K,200.0,270.0,303.0,33.0,12.222
2024-04-10 12:30:00,US,Inflation Rate YoY (Mar),High,USD,%,3.4,3.2,3.5,0.3,9.375
2024-04-11 12:30:00,US,PPI MoM (Mar),High,USD,%,0.3,0.6,0.2,-0.4,-66.667
2024-04-15 12:30:00,US,Retail Sales MoM (Mar),High,USD,%,0.3,0.9,0.7,-0.2,-22.222
2024-04-16 12:30:00,US,Building Permits (Mar),High,USD,M,1.514,1.523,1.458,-0.065,-4.268
2024-04-24 12:30:00,US,Durable Goods Orders MoM (Mar),High,USD,%,2.5,0.7,2.6,1.9,271.429
2024-04-25 12:30:00,US,GDP Growth Rate QoQ Adv (Q1),High,USD,%,2.5,3.4,1.6,-1.8,-52.941
2024-04-25 12:30:00,US,Goods Trade Balance (Mar),High,USD,B,-91.2,-91.84,-91.83,0.01,0.011
2024-04-25 12:30:00,US,GDP Growth Rate QoQ (Q1),High,USD,%,2.5,3.4,1.6,-1.8,-52.941
2024-04-26 12:30:00,US,Personal Income MoM (Mar),High,USD,%,0.5,0.3,0.5,0.2,66.667
2024-04-26 12:30:00,US,PCE Price Index YoY (Mar),High,USD,%,2.6,2.5,2.7,0.2,8.0
2024-05-03 12:30:00,US,Unemployment Rate (Apr),High,USD,%,3.8,3.8,3.9,0.1,2.632
2024-05-03 12:30:00,US,Non Farm Payrolls (Apr),High,USD,K,243.0,315.0,175.0,-140.0,-44.444
2024-05-14 12:30:00,US,PPI MoM (Apr),High,USD,%,0.3,-0.1,0.5,0.6,600.0
2024-05-15 12:30:00,US,Inflation Rate YoY (Apr),High,USD,%,3.4,3.5,3.4,-0.1,-2.857
2024-05-15 12:30:00,US,Core Inflation Rate YoY (Apr),High,USD,%,3.6,3.8,3.6,-0.2,-5.263
2024-05-16 12:30:00,US,Building Permits (Apr),High,USD,M,1.48,1.467,1.44,-0.027,-1.84
